{"cameraMode":{"drawMode":0,"name":"Shaded","section":"Shading Mode"},"sceneLighting":true,"audioPlay":false,"sceneViewState":{"m_AlwaysRefresh":false,"showFog":true,"showSkybox":true,"showFlares":true,"showImageEffects":true,"showParticleSystems":true,"showVisualEffectGraphs":true,"m_FxEnabled":true},"in2DMode":false,"pivot":{"x":245.76307678222657,"y":20.114946365356447,"z":101.45188903808594},"rotation":{"x":-0.19664785265922547,"y":0.4271206259727478,"z":-0.09576071798801422,"w":-0.8773810267448425},"size":0.00027864339062944055,"orthographic":false}