{"cameraMode":{"drawMode":0,"name":"Shaded","section":"Shading Mode"},"sceneLighting":true,"audioPlay":false,"sceneViewState":{"m_AlwaysRefresh":false,"showFog":true,"showSkybox":true,"showFlares":true,"showImageEffects":true,"showParticleSystems":true,"showVisualEffectGraphs":true,"m_FxEnabled":true},"in2DMode":false,"pivot":{"x":249.41464233398438,"y":1.6041902303695679,"z":207.24014282226563},"rotation":{"x":-0.0020085934083908798,"y":-0.6585854887962341,"z":-0.002267212374135852,"w":0.7527516484260559},"size":0.7826762199401856,"orthographic":false}