{"cameraMode":{"drawMode":0,"name":"Shaded","section":"Shading Mode"},"sceneLighting":true,"audioPlay":false,"sceneViewState":{"m_AlwaysRefresh":false,"showFog":true,"showSkybox":true,"showFlares":true,"showImageEffects":true,"showParticleSystems":true,"showVisualEffectGraphs":true,"m_FxEnabled":true},"in2DMode":false,"pivot":{"x":244.61404418945313,"y":2.6843981742858888,"z":207.50741577148438},"rotation":{"x":0.16812275350093842,"y":0.5175394415855408,"z":-0.10499180108308792,"w":0.8326119780540466},"size":0.7826762199401856,"orthographic":false}