{"cameraMode":{"drawMode":0,"name":"Shaded","section":"Shading Mode"},"sceneLighting":true,"audioPlay":false,"sceneViewState":{"m_AlwaysRefresh":false,"showFog":true,"showSkybox":true,"showFlares":true,"showImageEffects":true,"showParticleSystems":true,"showVisualEffectGraphs":true,"m_FxEnabled":true},"in2DMode":false,"pivot":{"x":69.88400268554688,"y":6.960605621337891,"z":29.184425354003908},"rotation":{"x":-0.00831837672740221,"y":-0.6097604036331177,"z":0.0064063407480716709,"w":-0.792560338973999},"size":25.547788619995118,"orthographic":false}