{"cameraMode":{"drawMode":0,"name":"Shaded","section":"Shading Mode"},"sceneLighting":true,"audioPlay":false,"sceneViewState":{"m_AlwaysRefresh":false,"showFog":true,"showSkybox":true,"showFlares":true,"showImageEffects":true,"showParticleSystems":true,"showVisualEffectGraphs":true,"m_FxEnabled":true},"in2DMode":false,"pivot":{"x":12.948543548583985,"y":15.274933815002442,"z":6.051762580871582},"rotation":{"x":0.01857396401464939,"y":0.9159919619560242,"z":-0.042612068355083469,"w":0.39858901500701907},"size":0.0017786429962143303,"orthographic":false}