{"cameraMode":{"drawMode":0,"name":"Shaded","section":"Shading Mode"},"sceneLighting":true,"audioPlay":false,"sceneViewState":{"m_AlwaysRefresh":false,"showFog":true,"showSkybox":true,"showFlares":true,"showImageEffects":true,"showParticleSystems":true,"showVisualEffectGraphs":true,"m_FxEnabled":true},"in2DMode":false,"pivot":{"x":49.430076599121097,"y":17.17107582092285,"z":-70.01058959960938},"rotation":{"x":-0.03886117413640022,"y":0.08058667182922363,"z":-0.0031788391061127187,"w":-0.9960209727287293},"size":0.0009786434238776565,"orthographic":false}