{"cameraMode":{"drawMode":0,"name":"Shaded","section":"Shading Mode"},"sceneLighting":true,"audioPlay":false,"sceneViewState":{"m_AlwaysRefresh":false,"showFog":true,"showSkybox":true,"showFlares":true,"showImageEffects":true,"showParticleSystems":true,"showVisualEffectGraphs":true,"m_FxEnabled":true},"in2DMode":false,"pivot":{"x":30.03262710571289,"y":-1.6357364654541016,"z":18.293914794921876},"rotation":{"x":0.05573556572198868,"y":-0.9134761691093445,"z":0.1338510364294052,"w":0.3802773654460907},"size":25.547788619995118,"orthographic":false}