{"cameraMode":{"drawMode":0,"name":"Shaded","section":"Shading Mode"},"sceneLighting":true,"audioPlay":false,"sceneViewState":{"m_AlwaysRefresh":false,"showFog":false,"showSkybox":true,"showFlares":true,"showImageEffects":true,"showParticleSystems":true,"showVisualEffectGraphs":true,"m_FxEnabled":true},"in2DMode":false,"pivot":{"x":248.49940490722657,"y":0.7252445220947266,"z":210.97950744628907},"rotation":{"x":-0.1486959457397461,"y":-0.33703863620758059,"z":0.054469622671604159,"w":-0.9282914400100708},"size":3.772550582885742,"orthographic":false}