{"cameraMode":{"drawMode":0,"name":"Shaded","section":"Shading Mode"},"sceneLighting":false,"audioPlay":false,"sceneViewState":{"m_AlwaysRefresh":false,"showFog":true,"showSkybox":false,"showFlares":true,"showImageEffects":true,"showParticleSystems":true,"showVisualEffectGraphs":true,"m_FxEnabled":true},"in2DMode":false,"pivot":{"x":0.00001778661498974543,"y":-2.071278686344158e-7,"z":0.000009161296475213021},"rotation":{"x":-0.04330328851938248,"y":0.091023288667202,"z":-0.0039963386952877049,"w":-0.9949348568916321},"size":0.000017320508050033823,"orthographic":false}