{"cameraMode":{"drawMode":0,"name":"Shaded","section":"Shading Mode"},"sceneLighting":false,"audioPlay":false,"sceneViewState":{"m_AlwaysRefresh":false,"showFog":true,"showSkybox":false,"showFlares":true,"showImageEffects":true,"showParticleSystems":true,"showVisualEffectGraphs":true,"m_FxEnabled":true},"in2DMode":false,"pivot":{"x":1.1800434589385987,"y":-0.003648117184638977,"z":0.09322863817214966},"rotation":{"x":-0.037509430199861529,"y":0.37548020482063296,"z":-0.015246969647705555,"w":-0.925984263420105},"size":0.6315224766731262,"orthographic":false}